{"tissue_hires_scalef": 0.06427974, "tissue_lowres_scalef": 0.019283924, "fiducial_diameter_fullres": 341.2276, "spot_diameter_fullres": 211.23613000000003}