PC,Proportion.Variance.Explained
1,0.01713842621910517
2,0.006533727032866056
3,0.0063079109306149
4,0.004172066598649571
5,0.0031146739303243988
6,0.0026485137859653543
7,0.002157294739399682
8,0.001901066826234957
9,0.001722658998321544
10,0.0016285765813715519
